-- no more ikanda corps discount
UPDATE ModifierArguments SET Value = 0 WHERE ModifierId = 'IKANDA_TRAINED_CORPS_ARMY_DISCOUNT' AND Name = 'Amount';

-- later army
UPDATE ModifierArguments SET Value = 'CIVIC_URBANIZATION' WHERE ModifierId = 'TRAIT_LAND_ARMIES_EARLY' AND Name = 'CivicType';

-- extra production from buildings in ikanda
INSERT INTO TraitModifiers VALUES ('TRAIT_CIVILIZATION_DISTRICT_IKANDA', 'BBGV_TRAIT_IKANDA_BARRACKS_PRODUCTION');
INSERT INTO Modifiers (ModifierId, ModifierType)
    VALUES ('BBGV_TRAIT_IKANDA_BARRACKS_PRODUCTION', 'MODIFIER_PLAYER_CITIES_ADJUST_BUILDING_YIELD_CHANGE');
INSERT INTO ModifierArguments (ModifierId, Name, Type, Value)
    VALUES ('BBGV_TRAIT_IKANDA_BARRACKS_PRODUCTION', 'BuildingType', 'ARGTYPE_IDENTITY', 'BUILDING_BARRACKS');
INSERT INTO ModifierArguments (ModifierId, Name, Type, Value)
    VALUES ('BBGV_TRAIT_IKANDA_BARRACKS_PRODUCTION', 'YieldType', 'ARGTYPE_IDENTITY', 'YIELD_PRODUCTION');
INSERT INTO ModifierArguments (ModifierId, Name, Type, Value)
    VALUES ('BBGV_TRAIT_IKANDA_BARRACKS_PRODUCTION', 'Amount', 'ARGTYPE_IDENTITY', 3);  -- 2 + 1

INSERT INTO TraitModifiers VALUES ('TRAIT_CIVILIZATION_DISTRICT_IKANDA', 'BBGV_TRAIT_IKANDA_STABLE_PRODUCTION');
INSERT INTO Modifiers (ModifierId, ModifierType)
    VALUES ('BBGV_TRAIT_IKANDA_STABLE_PRODUCTION', 'MODIFIER_PLAYER_CITIES_ADJUST_BUILDING_YIELD_CHANGE');
INSERT INTO ModifierArguments (ModifierId, Name, Type, Value)
    VALUES ('BBGV_TRAIT_IKANDA_STABLE_PRODUCTION', 'BuildingType', 'ARGTYPE_IDENTITY', 'BUILDING_STABLE');
INSERT INTO ModifierArguments (ModifierId, Name, Type, Value)
    VALUES ('BBGV_TRAIT_IKANDA_STABLE_PRODUCTION', 'YieldType', 'ARGTYPE_IDENTITY', 'YIELD_PRODUCTION');
INSERT INTO ModifierArguments (ModifierId, Name, Type, Value)
    VALUES ('BBGV_TRAIT_IKANDA_STABLE_PRODUCTION', 'Amount', 'ARGTYPE_IDENTITY', 3);  -- 2 + 1

INSERT INTO TraitModifiers VALUES ('TRAIT_CIVILIZATION_DISTRICT_IKANDA', 'BBGV_TRAIT_IKANDA_ARMORY_PRODUCTION');
INSERT INTO Modifiers (ModifierId, ModifierType)
    VALUES ('BBGV_TRAIT_IKANDA_ARMORY_PRODUCTION', 'MODIFIER_PLAYER_CITIES_ADJUST_BUILDING_YIELD_CHANGE');
INSERT INTO ModifierArguments (ModifierId, Name, Type, Value)
    VALUES ('BBGV_TRAIT_IKANDA_ARMORY_PRODUCTION', 'BuildingType', 'ARGTYPE_IDENTITY', 'BUILDING_ARMORY');
INSERT INTO ModifierArguments (ModifierId, Name, Type, Value)
    VALUES ('BBGV_TRAIT_IKANDA_ARMORY_PRODUCTION', 'YieldType', 'ARGTYPE_IDENTITY', 'YIELD_PRODUCTION');
INSERT INTO ModifierArguments (ModifierId, Name, Type, Value)
    VALUES ('BBGV_TRAIT_IKANDA_ARMORY_PRODUCTION', 'Amount', 'ARGTYPE_IDENTITY', 5);  -- 3 + 2

INSERT INTO TraitModifiers VALUES ('TRAIT_CIVILIZATION_DISTRICT_IKANDA', 'BBGV_TRAIT_IKANDA_MILITARY_PRODUCTION');
INSERT INTO Modifiers (ModifierId, ModifierType)
    VALUES ('BBGV_TRAIT_IKANDA_MILITARY_PRODUCTION', 'MODIFIER_PLAYER_CITIES_ADJUST_BUILDING_YIELD_CHANGE');
INSERT INTO ModifierArguments (ModifierId, Name, Type, Value)
    VALUES ('BBGV_TRAIT_IKANDA_MILITARY_PRODUCTION', 'BuildingType', 'ARGTYPE_IDENTITY', 'BUILDING_MILITARY');
INSERT INTO ModifierArguments (ModifierId, Name, Type, Value)
    VALUES ('BBGV_TRAIT_IKANDA_MILITARY_PRODUCTION', 'YieldType', 'ARGTYPE_IDENTITY', 'YIELD_PRODUCTION');
INSERT INTO ModifierArguments (ModifierId, Name, Type, Value)
    VALUES ('BBGV_TRAIT_IKANDA_MILITARY_PRODUCTION', 'Amount', 'ARGTYPE_IDENTITY', 8);  -- 4 + 4
